[{"message_id": "aaa272fb-aac4-4e3c-99d3-254ece538147", "conversation_id": "bed7a6e8-5860-4891-b559-afad04344127", "original_message_id": "dfdc238c-e1d5-4a84-9514-29ec7e719164", "new_message_id": "967cc5c3-6ebf-43f3-9c62-10ca023262b1", "rating": "skip", "placement": "left", "ui_variant": 1, "evaluation_name": "sahara_230911_ccv4_free", "evaluation_treatment": "ab", "evaluation_type": null, "message_metadatas": {"dfdc238c-e1d5-4a84-9514-29ec7e719164": {"load_first_token_time": 1704681905827, "load_end_time": 1704681910963}, "967cc5c3-6ebf-43f3-9c62-10ca023262b1": {"load_first_token_time": 1704681905827, "load_end_time": 1704681910964}}, "received_timestamp": 1704681927, "source_timestamp": 1704681927419, "user_agent": null, "client_type": null, "user_id": "user-JPfrW9BiVVNDSCZ2PWcK6rTx", "product_surface": 1, "create_time": "2024-01-08T02:45:27.857016Z", "update_time": "2024-12-14T12:18:17.900602Z"}, {"message_id": "aaa27cd9-6c92-427d-9f88-fc01f70f8721", "conversation_id": "f883bfe8-01b7-4d9a-a5d0-56becdbed0f6", "original_message_id": "c6bd8ec2-5a74-4a37-8102-eec170bc7f1a", "new_message_id": "a5eef217-5a24-45b7-9970-a82ce68438cf", "rating": "original", "placement": "left", "ui_variant": 1, "evaluation_name": "sahara_0911_ccv5_free", "evaluation_treatment": "ba", "evaluation_type": null, "message_metadatas": {"c6bd8ec2-5a74-4a37-8102-eec170bc7f1a": {"load_first_token_time": 1706391888741, "load_end_time": 1706391892582}, "a5eef217-5a24-45b7-9970-a82ce68438cf": {"load_first_token_time": 1706391888741, "load_end_time": 1706391892583}}, "received_timestamp": 1706394159, "source_timestamp": 1706394157811, "user_agent": null, "client_type": null, "user_id": "user-JPfrW9BiVVNDSCZ2PWcK6rTx", "product_surface": 1, "create_time": "2024-01-27T22:22:39.238403Z", "update_time": "2024-12-14T12:18:41.044873Z"}, {"message_id": "aaa28079-90b3-4724-b17c-0509cf20af82", "conversation_id": "373d1aa8-360f-4f18-989c-5eb12ac5060c", "original_message_id": "3c76202d-b977-41b5-92bf-c360d39628f6", "new_message_id": "72f6cb0b-8e7d-4b48-b3dc-50baeef1188d", "rating": "original", "placement": "right", "ui_variant": 1, "evaluation_name": null, "evaluation_treatment": null, "evaluation_type": null, "message_metadatas": {"3c76202d-b977-41b5-92bf-c360d39628f6": {"load_first_token_time": 1714551775405, "load_end_time": 1714551792860}, "72f6cb0b-8e7d-4b48-b3dc-50baeef1188d": {"load_first_token_time": 1714551775405, "load_end_time": 1714551792861}}, "received_timestamp": 1714551808, "source_timestamp": 1714551808219, "user_agent": null, "client_type": null, "user_id": "user-JPfrW9BiVVNDSCZ2PWcK6rTx", "product_surface": 1, "create_time": "2024-05-01T08:23:28.749738Z", "update_time": "2024-12-14T12:06:18.470531Z"}, {"message_id": "aaa27400-4fa0-40bc-a783-f30202aa2152", "conversation_id": "e154aa39-62ae-487e-afee-e6257692a34d", "original_message_id": "0069671d-713b-4762-8b07-09b9b910e568", "new_message_id": "31673816-3886-465e-bcec-a5a643ca50a6", "rating": "original", "placement": "left", "ui_variant": 1, "evaluation_name": "gpt4o_lupo_0725_free", "evaluation_treatment": "ca", "evaluation_type": null, "message_metadatas": {"0069671d-713b-4762-8b07-09b9b910e568": {"load_first_token_time": 1722389284527, "load_end_time": 1722389293212}, "31673816-3886-465e-bcec-a5a643ca50a6": {"load_first_token_time": 1722389284527, "load_end_time": 1722389293212}}, "received_timestamp": 1722389333, "source_timestamp": 1722389333402, "user_agent": null, "client_type": null, "user_id": "user-JPfrW9BiVVNDSCZ2PWcK6rTx", "product_surface": 1, "create_time": "2024-07-31T01:28:53.761829Z", "update_time": "2024-12-14T12:08:02.354075Z"}, {"message_id": "aaa2a9ef-2ddf-4568-9e2f-48b1b7fa11d3", "conversation_id": "5e0c89cc-f235-4f2f-ba54-e41ac3477ad6", "original_message_id": "1e741b9d-6bed-42de-aed1-a333560e1b5e", "new_message_id": "ebfbd564-dea6-4c15-bd17-295a580401cf", "rating": "original", "placement": "left", "ui_variant": 1, "evaluation_name": "APE_SCALLION_VS_SCALLION_BBFFV2_C3_UNPAID_CAMPAIGN", "evaluation_treatment": null, "evaluation_type": null, "message_metadatas": {"1e741b9d-6bed-42de-aed1-a333560e1b5e": {"load_first_token_time": 1723029213514, "load_end_time": 1723029217400}, "ebfbd564-dea6-4c15-bd17-295a580401cf": {"load_first_token_time": 1723029213514, "load_end_time": 1723029217401}}, "received_timestamp": 1723029223, "source_timestamp": 1723029223427, "user_agent": null, "client_type": null, "user_id": "user-JPfrW9BiVVNDSCZ2PWcK6rTx", "product_surface": 1, "create_time": "2024-08-07T11:13:43.701481Z", "update_time": "2024-12-14T12:08:19.317751Z"}, {"message_id": "aaa246d6-c260-4330-8668-e71888ee2745", "conversation_id": "7d8164bd-acca-4273-a1b0-5779e5347375", "original_message_id": "e7968849-3ffe-4a6a-acb5-2d9398868acd", "new_message_id": "c3979fba-611d-4ccc-b23c-dfc9457b82af", "rating": "new", "placement": "left", "ui_variant": 1, "evaluation_name": "APE_SCALLION_UNPAID_holdout_iid_campaign", "evaluation_treatment": "aa", "evaluation_type": null, "message_metadatas": {"e7968849-3ffe-4a6a-acb5-2d9398868acd": {"load_first_token_time": 1724437711838, "load_end_time": 1724437722429}, "c3979fba-611d-4ccc-b23c-dfc9457b82af": {"load_first_token_time": 1724437711838, "load_end_time": 1724437722429}}, "received_timestamp": 1724437724, "source_timestamp": 1724437724596, "user_agent": null, "client_type": null, "user_id": "user-JPfrW9BiVVNDSCZ2PWcK6rTx", "product_surface": 1, "create_time": "2024-08-23T18:28:44.913444Z", "update_time": "2024-12-14T12:09:18.357304Z"}, {"message_id": "aaa25002-4057-49cc-af0b-bc4ed27e43e9", "conversation_id": "6736fc2f-515c-8013-aaec-29164af1f0cf", "original_message_id": "20458f81-6ebb-44d3-988c-2d3ca3fcaf93", "new_message_id": "65ce4236-04cf-4e12-a72e-4d4e7eb3042e", "rating": "skip", "placement": "right", "ui_variant": 1, "evaluation_name": "gpt4o_lupo_prompts_free", "evaluation_treatment": "aa", "evaluation_type": null, "message_metadatas": {"20458f81-6ebb-44d3-988c-2d3ca3fcaf93": {"load_first_token_time": 1731662606715, "load_end_time": 1731662645871}, "65ce4236-04cf-4e12-a72e-4d4e7eb3042e": {"load_first_token_time": 1731662606715, "load_end_time": 1731662645871}}, "received_timestamp": 1731663163, "source_timestamp": 1731663162540, "user_agent": "Mozilla/5.0 (X11; Linux x86_64; rv:128.0) Gecko/20100101 Firefox/128.0", "client_type": "desktop_web", "user_id": "user-JPfrW9BiVVNDSCZ2PWcK6rTx", "product_surface": 1, "create_time": "2024-11-15T09:32:43.130394Z", "update_time": "2024-12-11T12:41:09.414125Z"}, {"message_id": "aaa2834c-adcd-4d19-ba1e-7d4c2d8f8dc3", "conversation_id": "673acf83-6c84-8013-af0a-ecb245ca9bca", "original_message_id": "b9a3e7ca-40f6-4d99-80fe-0471a07b3a39", "new_message_id": "af712b1f-e1ce-42f2-99ee-c6396113d497", "rating": "skip", "placement": "left", "ui_variant": 1, "evaluation_name": "gpt4o_lupo_prompts_free", "evaluation_treatment": "aa", "evaluation_type": null, "message_metadatas": {"b9a3e7ca-40f6-4d99-80fe-0471a07b3a39": {"load_first_token_time": 1731909686758, "load_end_time": 1731909746183}, "af712b1f-e1ce-42f2-99ee-c6396113d497": {"load_first_token_time": 1731909686758, "load_end_time": 1731909746183}}, "received_timestamp": 1731910191, "source_timestamp": 1731910191153, "user_agent": "Mozilla/5.0 (X11; Linux x86_64; rv:128.0) Gecko/20100101 Firefox/128.0", "client_type": "desktop_web", "user_id": "user-JPfrW9BiVVNDSCZ2PWcK6rTx", "product_surface": 1, "create_time": "2024-11-18T06:09:51.756354Z", "update_time": "2024-12-11T12:42:08.516782Z"}, {"message_id": "aaa28297-e5c0-4e03-9a06-347b7b72e572", "conversation_id": "673cbfae-8c40-8013-bf91-4bc58e55f774", "original_message_id": "ade5bea6-0e02-49ed-a768-3366ebe1ef86", "new_message_id": "24dcb331-c843-427e-a767-b49b0e5adfdb", "rating": "skip", "placement": "right", "ui_variant": 1, "evaluation_name": "chive_ee_campaign", "evaluation_treatment": "aa", "evaluation_type": null, "message_metadatas": {"ade5bea6-0e02-49ed-a768-3366ebe1ef86": {"load_first_token_time": 1732034699279, "load_end_time": 1732034702102}, "24dcb331-c843-427e-a767-b49b0e5adfdb": {"load_first_token_time": 1732034699279, "load_end_time": 1732034702102}}, "received_timestamp": 1732034872, "source_timestamp": 1732034871565, "user_agent": "Mozilla/5.0 (X11; Linux x86_64; rv:128.0) Gecko/20100101 Firefox/128.0", "client_type": "desktop_web", "user_id": "user-JPfrW9BiVVNDSCZ2PWcK6rTx", "product_surface": 1, "create_time": "2024-11-19T16:47:52.071012Z", "update_time": "2024-12-11T12:42:59.064423Z"}, {"message_id": "aaa28d7b-a2d5-4dc6-932e-0518ed01c38f", "conversation_id": "67450ad1-38dc-8013-b5d2-0e72142ac84d", "original_message_id": "17e87f19-1420-49b8-a459-1ad8e68aba99", "new_message_id": "54396ecf-7d16-4227-83de-f5ea26ec5585", "rating": "skip", "placement": "left", "ui_variant": 1, "evaluation_name": "gpt4o_personalization_prompts_free", "evaluation_treatment": "aa", "evaluation_type": null, "message_metadatas": {"17e87f19-1420-49b8-a459-1ad8e68aba99": {"load_first_token_time": 1732578001867, "load_end_time": 1732578053398}, "54396ecf-7d16-4227-83de-f5ea26ec5585": {"load_first_token_time": 1732578001867, "load_end_time": 1732578053397}}, "received_timestamp": 1732578383, "source_timestamp": 1732578382654, "user_agent": "Mozilla/5.0 (X11; Linux x86_64; rv:128.0) Gecko/20100101 Firefox/128.0", "client_type": "desktop_web", "user_id": "user-JPfrW9BiVVNDSCZ2PWcK6rTx", "product_surface": 1, "create_time": "2024-11-25T23:46:23.071373Z", "update_time": "2024-12-11T12:45:14.941285Z"}, {"message_id": "aaa2b4cb-d6b0-40a3-ad28-71bce9f61034", "conversation_id": "67553459-f6c8-8013-b775-07ddf57d2f85", "original_message_id": "9a287de9-58d5-493d-86a3-5296c4cd7bbc", "new_message_id": "377aa896-5559-4062-a203-c2b0119a7bef", "rating": "new", "placement": "right", "ui_variant": 2, "evaluation_name": "gpt4o_prompt_exploration_test", "evaluation_treatment": "aa", "evaluation_type": null, "message_metadatas": {"9a287de9-58d5-493d-86a3-5296c4cd7bbc": {"load_first_token_time": 1733639264530, "load_end_time": 1733639270773}, "377aa896-5559-4062-a203-c2b0119a7bef": {"load_first_token_time": 1733639264530, "load_end_time": 1733639270773}}, "received_timestamp": 1733639323, "source_timestamp": 1733639322558, "user_agent": "Mozilla/5.0 (X11; Linux x86_64; rv:128.0) Gecko/20100101 Firefox/128.0", "client_type": "desktop_web", "user_id": "user-JPfrW9BiVVNDSCZ2PWcK6rTx", "product_surface": 1, "create_time": "2024-12-08T06:28:43.187481Z", "update_time": "2024-12-08T06:28:43.290169Z"}, {"message_id": "aaa2f4e9-edc2-46e6-b6be-99043500d4f2", "conversation_id": "6761b932-4ee8-8013-9b94-49e7f6e6ed58", "original_message_id": "fc60a4e5-e6fc-4566-8ead-67e15d42c5a1", "new_message_id": "aad0be62-03ba-40fd-9ce7-c015be66c5eb", "rating": "skip", "placement": "right", "ui_variant": 2, "evaluation_name": "gpt4o_prompt_exploration_test", "evaluation_treatment": "aa", "evaluation_type": null, "message_metadatas": {"fc60a4e5-e6fc-4566-8ead-67e15d42c5a1": {"load_first_token_time": 1734459057760, "load_end_time": 1734459094108}, "aad0be62-03ba-40fd-9ce7-c015be66c5eb": {"load_first_token_time": 1734459057760, "load_end_time": 1734459094108}}, "received_timestamp": 1734459839, "source_timestamp": 1734459839224, "user_agent": null, "client_type": null, "user_id": "user-JPfrW9BiVVNDSCZ2PWcK6rTx", "product_surface": 1, "create_time": "2024-12-17T18:23:59.778977Z", "update_time": "2024-12-17T18:23:59.862711Z"}, {"message_id": "aaa22817-3442-4ff2-a404-32d0d6776f3c", "conversation_id": "677ce4cc-28d8-8013-ad3c-cc31a542223a", "original_message_id": "3802815b-cc79-491f-8e26-80960c2fad08", "new_message_id": "c7062958-9de8-468a-97e9-cd0b32ab5013", "rating": "new", "placement": "right", "ui_variant": 2, "evaluation_name": "gpt4o_prompt_exploration_test", "evaluation_treatment": "aa", "evaluation_type": null, "message_metadatas": {"3802815b-cc79-491f-8e26-80960c2fad08": {"load_first_token_time": 1736239470503, "load_end_time": 1736239504024}, "c7062958-9de8-468a-97e9-cd0b32ab5013": {"load_first_token_time": 1736239470503, "load_end_time": 1736239504024}}, "received_timestamp": 1736239768, "source_timestamp": 1736239767843, "user_agent": null, "client_type": null, "user_id": "user-JPfrW9BiVVNDSCZ2PWcK6rTx", "product_surface": 1, "create_time": "2025-01-07T08:49:28.532085Z", "update_time": "2025-01-07T08:49:28.649693Z"}, {"message_id": "aaa2b1c0-7aca-458f-8a16-8c6b6180324b", "conversation_id": "678df316-58b8-8013-955a-0e703e961e70", "original_message_id": "2f3897b0-73dd-4361-9013-29385a6bfb72", "new_message_id": "6ffbef99-331e-4377-9013-5723aec3edc7", "rating": "new", "placement": "right", "ui_variant": 2, "evaluation_name": "gpt4o_prompt_exploration_test", "evaluation_treatment": "aa", "evaluation_type": null, "message_metadatas": {"2f3897b0-73dd-4361-9013-29385a6bfb72": {"load_first_token_time": 1737358448050, "load_end_time": 1737358467730}, "6ffbef99-331e-4377-9013-5723aec3edc7": {"load_first_token_time": 1737358448050, "load_end_time": 1737358467730}}, "received_timestamp": 1737358846, "source_timestamp": 1737358846208, "user_agent": null, "client_type": null, "user_id": "user-JPfrW9BiVVNDSCZ2PWcK6rTx", "product_surface": 1, "create_time": "2025-01-20T07:40:46.907488Z", "update_time": "2025-01-20T07:40:48.237234Z"}, {"message_id": "aaa29898-f869-407a-a3d0-7e4a505fb229", "conversation_id": "679b9c7e-2538-8013-aa81-6bc2a1b14c14", "original_message_id": "b6a7f388-39ce-4586-9971-7f85fc6cb898", "new_message_id": "561668ab-862f-4af4-8b84-bd14ec7761a6", "rating": "skip", "placement": "left", "ui_variant": 2, "evaluation_name": "gpt4o_prompt_exploration_test", "evaluation_treatment": "aa", "evaluation_type": null, "message_metadatas": {"b6a7f388-39ce-4586-9971-7f85fc6cb898": {"load_first_token_time": 1738251391215, "load_end_time": 1738251485395}, "561668ab-862f-4af4-8b84-bd14ec7761a6": {"load_first_token_time": 1738251391215, "load_end_time": 1738251485395}}, "received_timestamp": 1738251508, "source_timestamp": 1738251507941, "user_agent": null, "client_type": null, "user_id": "user-JPfrW9BiVVNDSCZ2PWcK6rTx", "product_surface": 1, "create_time": "2025-01-30T15:38:28.993435Z", "update_time": "2025-01-30T15:38:29.104631Z"}, {"message_id": "aaa2d57c-8c26-497c-8056-825feb1ff287", "conversation_id": "6794effb-6194-8013-aa2e-952147f6ff04", "original_message_id": "685e9543-f341-44f7-8324-a8e12f4d5e0d", "new_message_id": "b43ea273-4c4c-4ceb-a233-b41093f016d4", "rating": "skip", "placement": "right", "ui_variant": 2, "evaluation_name": "4o_personality_cotograder_wholefoods_free_10", "evaluation_treatment": "aa", "evaluation_type": null, "message_metadatas": {"685e9543-f341-44f7-8324-a8e12f4d5e0d": {"load_first_token_time": 1738314839251, "load_end_time": 1738314875709}, "b43ea273-4c4c-4ceb-a233-b41093f016d4": {"load_first_token_time": 1738314839251, "load_end_time": 1738314875709}}, "received_timestamp": 1738315801, "source_timestamp": 1738315801070, "user_agent": null, "client_type": null, "user_id": "user-JPfrW9BiVVNDSCZ2PWcK6rTx", "product_surface": 1, "create_time": "2025-01-31T09:30:01.789383Z", "update_time": "2025-01-31T09:30:01.848387Z"}]